Model,Accuracy,Precision,Recall,F1
VADER,0.44048943270300334,0.48243174372532005,0.44048943270300334,0.385357464377528
TextBlob,0.4760845383759733,0.48038359909328604,0.4760845383759733,0.4521665410614607
Naive Bayes,0.7063403781979978,0.7019446438425275,0.7063403781979978,0.7025824441309408
MLP,0.710418984056359,0.7078901118132888,0.710418984056359,0.7084496229049677
