Model,Accuracy,Precision,Recall,F1
VADER,0.43196143863552094,0.4722703148006502,0.43196143863552094,0.3738674327060616
TextBlob,0.4846125324434557,0.487966012085538,0.4846125324434557,0.457498963478275
Naive Bayes,0.7078235076010382,0.7029884119753401,0.7078235076010382,0.7045629202198453
MLP,0.7096774193548387,0.7070829071969323,0.7096774193548387,0.7079067049333753
